{"cameraMode":{"drawMode":0,"name":"Shaded","section":"Shading Mode"},"sceneLighting":false,"audioPlay":false,"sceneViewState":{"showFog":true,"showMaterialUpdate":false,"showSkybox":false,"showFlares":true,"showImageEffects":true,"showParticleSystems":true},"in2DMode":false,"pivot":{"x":29.35105323791504,"y":-1.3474464416503907,"z":-28.525007247924806},"rotation":{"x":0.1192648708820343,"y":0.55073082447052,"z":-0.07983557879924774,"w":0.8223684430122376},"size":0.24929113686084748,"orthographic":false}