{"cameraMode":{"drawMode":0,"name":"Shaded","section":"Shading Mode"},"sceneLighting":false,"audioPlay":false,"sceneViewState":{"showFog":true,"showMaterialUpdate":false,"showSkybox":false,"showFlares":true,"showImageEffects":true,"showParticleSystems":true},"in2DMode":false,"pivot":{"x":0.0,"y":-0.008700000122189522,"z":0.002300000051036477},"rotation":{"x":0.003889643820002675,"y":-0.9573509693145752,"z":-0.012925675138831139,"w":-0.2889293134212494},"size":0.90739506483078,"orthographic":false}